{
    "loss": 1.2096,
    "learning_rate": 0.0002,
    "epoch": 1.0,
    "step": 42,
    "eval": {
        "loss": 0.8021194338798523,
        "runtime": 92.3284,
        "samples_per_second": 4.625,
        "steps_per_second": 0.585
    },
    "train": {
        "runtime": 2606.756,
        "samples_per_second": 0.656,
        "steps_per_second": 0.082,
        "loss": 1.0704836722846343
    }
}
