{
    "loss": 0.5471,
    "learning_rate": 0.0002,
    "epoch": 5.0,
    "step": 214,
    "eval": {
        "loss": 0.7261927127838135,
        "runtime": 92.3645,
        "samples_per_second": 4.623,
        "steps_per_second": 0.585
    },
    "train": {
        "runtime": 13147.1757,
        "samples_per_second": 0.65,
        "steps_per_second": 0.081,
        "loss": 0.8070883238426992
    }
}
