{
    "loss": 0.8086,
    "learning_rate": 0.0002,
    "epoch": 4.0,
    "step": 86,
    "eval": {
        "loss": 0.7249773740768433,
        "runtime": 92.355,
        "samples_per_second": 4.623,
        "steps_per_second": 0.585
    },
    "train": {
        "runtime": 5322.3441,
        "samples_per_second": 1.285,
        "steps_per_second": 0.161,
        "loss": 0.37440145837369365
    }
}
