step	loss
1	2.8583109378814697
3	2.3674356937408447
5	2.0724403858184814
7	1.3893828392028809
9	1.1085095405578613
11	1.1000880002975464
13	1.0700323581695557
15	0.9749985337257385
17	0.89997798204422
19	0.917119562625885
21	0.9258800148963928
23	0.9204015731811523
25	0.8776490688323975
27	0.842019259929657
29	0.840046226978302
31	0.849672794342041
33	0.8503652215003967
35	0.8308992981910706
37	0.7920550107955933
39	0.7986763119697571
41	0.8021194338798523
